<?xml version="1.0" encoding="UTF-8"?>
<!DOCTYPE suite SYSTEM "http://testng.org/testng-1.0.dtd">


<suite name="SMI UI Test" >

<parameter name="browser" value="Chrome" />
<!--<listeners>
    	&lt;!&ndash; <listener class-name="listeners.TestNGListeners" />  &ndash;&gt;
    	<listener class-name="com.framework.listener.ExtenListener" />
  	</listeners>-->
  <test name="Regression suite 1" thread-count="2" parallel = "false">

    <classes>
        <class name="com.screen.magic.tests.TestRunner"/>


    </classes>
 </test>
</suite>
	
	
		
	
